id,predicted
0,1
1,1
2,1
3,1
4,2
5,4
6,1
7,2
8,1
9,1
10,1
11,1
12,2
13,1
14,3
15,1
16,1
17,3
18,1
19,1
20,2
21,1
22,5
23,2
24,2
25,1
26,1
27,1
28,1
29,1
30,1
31,1
32,1
33,1
34,4
35,2
36,1
37,3
38,3
39,1
40,1
41,1
42,1
43,1
44,1
45,1
46,1
47,1
48,1
49,1
50,3
51,1
52,2
53,1
54,1
55,1
56,2
57,1
58,1
59,1
60,2
61,1
62,1
63,2
64,1
65,1
66,1
67,1
68,3
69,1
70,2
71,2
72,1
73,1
74,1
75,1
76,1
77,2
78,1
79,1
80,2
81,1
82,1
83,3
84,1
85,1
86,1
87,1
88,2
89,1
90,2
91,2
92,1
93,2
94,2
95,1
96,1
97,1
98,1
99,1
100,2
101,1
102,4
103,1
104,1
105,1
106,1
107,2
108,3
109,2
110,5
111,1
112,1
113,1
114,1
115,1
116,1
117,1
118,1
119,1
120,1
121,1
122,1
123,1
124,2
125,1
126,1
127,3
128,1
129,1
130,1
131,1
132,1
133,2
134,1
135,1
136,3
137,1
138,5
139,1
140,5
141,1
142,1
143,2
144,1
145,2
146,5
147,3
148,1
149,1
150,2
151,5
152,2
153,3
154,1
155,2
156,2
157,2
158,2
159,3
160,3
161,4
162,3
163,2
164,1
165,3
166,1
167,3
168,3
169,2
170,1
171,2
172,2
173,2
174,2
175,2
176,2
177,2
178,2
179,4
180,1
181,4
182,1
183,2
184,1
185,1
186,2
187,5
188,4
189,2
190,1
191,1
192,1
193,2
194,2
195,1
196,2
197,2
198,2
199,3
200,1
201,2
202,5
203,1
204,2
205,1
206,3
207,2
208,2
209,3
210,2
211,2
212,2
213,2
214,2
215,2
216,2
217,1
218,2
219,3
220,4
221,3
222,1
223,3
224,5
225,3
226,2
227,1
228,4
229,1
230,3
231,2
232,3
233,3
234,4
235,3
236,1
237,4
238,2
239,1
240,2
241,2
242,2
243,1
244,2
245,3
246,3
247,2
248,2
249,3
250,2
251,3
252,2
253,2
254,2
255,3
256,1
257,1
258,3
259,2
260,1
261,3
262,1
263,2
264,1
265,5
266,3
267,5
268,2
269,1
270,1
271,2
272,1
273,4
274,1
275,1
276,1
277,2
278,1
279,3
280,1
281,2
282,2
283,3
284,1
285,1
286,2
287,2
288,3
289,3
290,2
291,3
292,2
293,1
294,2
295,1
296,2
297,2
298,1
299,4
300,4
301,5
302,4
303,3
304,3
305,1
306,3
307,1
308,3
309,3
310,3
311,3
312,3
313,2
314,3
315,2
316,3
317,1
318,2
319,2
320,3
321,2
322,3
323,3
324,2
325,5
326,4
327,2
328,3
329,2
330,1
331,1
332,4
333,3
334,3
335,3
336,1
337,3
338,3
339,5
340,1
341,1
342,4
343,4
344,5
345,3
346,3
347,2
348,2
349,4
350,2
351,3
352,3
353,3
354,3
355,1
356,3
357,3
358,5
359,3
360,4
361,4
362,4
363,1
364,4
365,4
366,3
367,1
368,2
369,2
370,3
371,2
372,3
373,2
374,3
375,2
376,3
377,1
378,3
379,5
380,2
381,3
382,3
383,3
384,3
385,3
386,3
387,3
388,3
389,3
390,2
391,2
392,2
393,3
394,3
395,4
396,3
397,3
398,1
399,3
400,3
401,3
402,3
403,3
404,3
405,3
406,4
407,1
408,3
409,2
410,3
411,4
412,4
413,2
414,3
415,4
416,1
417,1
418,3
419,1
420,2
421,4
422,2
423,5
424,1
425,2
426,2
427,3
428,4
429,3
430,3
431,4
432,2
433,3
434,3
435,3
436,4
437,3
438,3
439,3
440,3
441,3
442,2
443,3
444,3
445,1
446,3
447,4
448,3
449,3
450,4
451,5
452,4
453,5
454,1
455,3
456,4
457,4
458,4
459,5
460,1
461,4
462,4
463,4
464,4
465,4
466,4
467,4
468,4
469,4
470,4
471,4
472,1
473,4
474,4
475,4
476,4
477,5
478,4
479,4
480,5
481,3
482,4
483,3
484,4
485,5
486,4
487,4
488,2
489,5
490,2
491,4
492,5
493,4
494,4
495,4
496,2
497,4
498,3
499,4
500,4
501,4
502,4
503,4
504,4
505,4
506,4
507,4
508,4
509,4
510,4
511,2
512,4
513,5
514,3
515,4
516,4
517,4
518,2
519,4
520,3
521,3
522,3
523,5
524,4
525,3
526,5
527,4
528,3
529,4
530,4
531,5
532,4
533,4
534,4
535,4
536,1
537,5
538,4
539,4
540,4
541,1
542,4
543,5
544,4
545,1
546,5
547,4
548,4
549,2
550,5
551,4
552,5
553,4
554,4
555,4
556,5
557,4
558,2
559,5
560,4
561,4
562,4
563,4
564,4
565,4
566,4
567,4
568,4
569,4
570,5
571,4
572,5
573,5
574,4
575,4
576,1
577,4
578,4
579,5
580,4
581,4
582,4
583,4
584,4
585,3
586,1
587,4
588,4
589,4
590,3
591,4
592,4
593,4
594,5
595,2
596,5
597,4
598,5
599,4
600,5
601,5
602,4
603,5
604,5
605,5
606,5
607,1
608,5
609,5
610,5
611,5
612,5
613,5
614,5
615,5
616,5
617,4
618,5
619,5
620,4
621,5
622,5
623,5
624,5
625,5
626,3
627,5
628,5
629,4
630,5
631,5
632,5
633,5
634,5
635,4
636,5
637,4
638,5
639,5
640,5
641,5
642,5
643,4
644,5
645,5
646,5
647,4
648,5
649,5
650,5
651,4
652,4
653,5
654,5
655,5
656,4
657,4
658,5
659,5
660,5
661,5
662,5
663,5
664,5
665,5
666,5
667,2
668,3
669,5
670,5
671,5
672,5
673,4
674,5
675,5
676,5
677,5
678,5
679,5
680,3
681,2
682,5
683,5
684,5
685,2
686,5
687,5
688,5
689,5
690,5
691,4
692,5
693,5
694,5
695,5
696,5
697,5
698,5
699,5
700,5
701,5
702,5
703,4
704,5
705,5
706,2
707,2
708,5
709,5
710,5
711,4
712,5
713,5
714,5
715,5
716,4
717,5
718,1
719,5
720,5
721,5
722,5
723,5
724,5
725,5
726,5
727,1
728,5
729,2
730,5
731,5
732,4
733,5
734,5
735,5
736,1
737,4
738,4
739,5
740,5
741,5
742,5
743,4
744,5
745,4
746,4
747,5
748,5
749,4
750,3
751,1
752,2
753,1
754,2
755,1
756,2
757,1
758,5
759,1
760,3
761,2
762,1
763,1
764,1
765,1
766,2
767,1
768,5
769,1
770,1
771,3
772,1
773,2
774,1
775,1
776,1
777,1
778,3
779,1
780,2
781,3
782,2
783,2
784,1
785,2
786,1
787,1
788,1
789,2
790,1
791,5
792,2
793,1
794,1
795,1
796,1
797,1
798,1
799,1
800,1
801,1
802,1
803,1
804,2
805,1
806,2
807,5
808,4
809,3
810,1
811,3
812,1
813,3
814,3
815,2
816,5
817,1
818,3
819,4
820,1
821,1
822,2
823,4
824,1
825,1
826,2
827,2
828,1
829,1
830,2
831,2
832,2
833,2
834,1
835,2
836,1
837,2
838,5
839,4
840,2
841,4
842,1
843,1
844,5
845,1
846,1
847,1
848,3
849,2
850,1
851,1
852,1
853,5
854,1
855,5
856,1
857,1
858,2
859,2
860,1
861,1
862,1
863,1
864,2
865,1
866,1
867,2
868,1
869,1
870,1
871,3
872,1
873,2
874,1
875,2
876,2
877,1
878,3
879,2
880,1
881,1
882,1
883,1
884,1
885,1
886,1
887,1
888,1
889,2
890,2
891,1
892,1
893,1
894,1
895,3
896,2
897,1
898,1
899,2
900,4
901,4
902,2
903,2
904,3
905,2
906,3
907,1
908,2
909,2
910,4
911,2
912,2
913,1
914,3
915,3
916,2
917,3
918,2
919,1
920,4
921,1
922,2
923,1
924,1
925,4
926,5
927,1
928,5
929,2
930,2
931,3
932,2
933,1
934,2
935,1
936,5
937,3
938,4
939,5
940,2
941,2
942,3
943,3
944,4
945,2
946,1
947,2
948,3
949,2
950,2
951,4
952,1
953,1
954,2
955,2
956,1
957,3
958,4
959,2
960,1
961,1
962,1
963,2
964,3
965,2
966,3
967,3
968,3
969,1
970,1
971,2
972,2
973,2
974,3
975,5
976,1
977,2
978,5
979,2
980,2
981,2
982,2
983,4
984,2
985,2
986,2
987,2
988,1
989,3
990,3
991,1
992,3
993,2
994,2
995,1
996,3
997,1
998,1
999,3
1000,2
1001,2
1002,1
1003,3
1004,1
1005,2
1006,1
1007,1
1008,1
1009,2
1010,1
1011,3
1012,4
1013,2
1014,3
1015,1
1016,4
1017,2
1018,3
1019,3
1020,5
1021,2
1022,3
1023,2
1024,2
1025,2
1026,1
1027,1
1028,1
1029,3
1030,2
1031,2
1032,4
1033,1
1034,2
1035,4
1036,2
1037,1
1038,3
1039,2
1040,1
1041,1
1042,2
1043,2
1044,4
1045,2
1046,2
1047,2
1048,3
1049,3
1050,3
1051,2
1052,4
1053,4
1054,3
1055,2
1056,4
1057,3
1058,3
1059,4
1060,5
1061,4
1062,4
1063,1
1064,4
1065,1
1066,4
1067,2
1068,3
1069,2
1070,3
1071,5
1072,1
1073,3
1074,4
1075,3
1076,4
1077,3
1078,3
1079,2
1080,4
1081,1
1082,2
1083,3
1084,4
1085,2
1086,3
1087,3
1088,4
1089,2
1090,2
1091,4
1092,3
1093,3
1094,2
1095,4
1096,1
1097,4
1098,4
1099,2
1100,3
1101,4
1102,5
1103,1
1104,2
1105,1
1106,2
1107,3
1108,3
1109,3
1110,3
1111,4
1112,4
1113,2
1114,3
1115,3
1116,2
1117,3
1118,3
1119,1
1120,3
1121,3
1122,3
1123,4
1124,4
1125,2
1126,2
1127,2
1128,4
1129,2
1130,3
1131,4
1132,2
1133,3
1134,2
1135,4
1136,2
1137,3
1138,3
1139,4
1140,2
1141,3
1142,2
1143,4
1144,1
1145,2
1146,3
1147,3
1148,3
1149,1
1150,3
1151,3
1152,2
1153,4
1154,2
1155,2
1156,4
1157,1
1158,4
1159,3
1160,3
1161,2
1162,4
1163,4
1164,3
1165,2
1166,4
1167,3
1168,3
1169,5
1170,4
1171,4
1172,2
1173,4
1174,5
1175,2
1176,2
1177,1
1178,4
1179,3
1180,3
1181,2
1182,4
1183,3
1184,3
1185,4
1186,1
1187,2
1188,5
1189,1
1190,2
1191,3
1192,5
1193,3
1194,3
1195,4
1196,3
1197,3
1198,2
1199,4
1200,2
1201,5
1202,3
1203,5
1204,4
1205,4
1206,4
1207,2
1208,4
1209,4
1210,5
1211,4
1212,4
1213,2
1214,5
1215,2
1216,4
1217,4
1218,4
1219,5
1220,4
1221,2
1222,2
1223,4
1224,3
1225,5
1226,3
1227,2
1228,3
1229,3
1230,5
1231,4
1232,3
1233,4
1234,4
1235,2
1236,4
1237,3
1238,5
1239,3
1240,4
1241,4
1242,4
1243,3
1244,2
1245,4
1246,3
1247,4
1248,2
1249,4
1250,2
1251,4
1252,4
1253,1
1254,4
1255,4
1256,5
1257,3
1258,4
1259,5
1260,4
1261,2
1262,4
1263,5
1264,1
1265,3
1266,4
1267,4
1268,4
1269,4
1270,4
1271,4
1272,4
1273,4
1274,4
1275,4
1276,5
1277,4
1278,3
1279,3
1280,4
1281,4
1282,4
1283,3
1284,5
1285,1
1286,4
1287,4
1288,4
1289,4
1290,4
1291,5
1292,3
1293,1
1294,4
1295,4
1296,4
1297,5
1298,4
1299,5
1300,5
1301,4
1302,4
1303,3
1304,1
1305,4
1306,4
1307,3
1308,4
1309,4
1310,5
1311,2
1312,5
1313,4
1314,4
1315,3
1316,4
1317,4
1318,5
1319,5
1320,3
1321,5
1322,5
1323,3
1324,4
1325,4
1326,4
1327,4
1328,4
1329,1
1330,4
1331,4
1332,5
1333,3
1334,4
1335,4
1336,3
1337,4
1338,3
1339,4
1340,4
1341,4
1342,3
1343,4
1344,5
1345,5
1346,5
1347,4
1348,3
1349,4
1350,3
1351,2
1352,5
1353,1
1354,5
1355,5
1356,5
1357,1
1358,5
1359,5
1360,5
1361,5
1362,5
1363,5
1364,5
1365,1
1366,5
1367,5
1368,5
1369,1
1370,5
1371,2
1372,5
1373,4
1374,5
1375,5
1376,4
1377,4
1378,4
1379,5
1380,5
1381,5
1382,5
1383,5
1384,5
1385,4
1386,3
1387,5
1388,5
1389,4
1390,5
1391,4
1392,5
1393,5
1394,5
1395,5
1396,4
1397,4
1398,5
1399,4
1400,5
1401,4
1402,3
1403,4
1404,5
1405,5
1406,2
1407,5
1408,5
1409,5
1410,5
1411,5
1412,3
1413,5
1414,4
1415,5
1416,5
1417,5
1418,3
1419,5
1420,2
1421,4
1422,5
1423,1
1424,1
1425,5
1426,5
1427,5
1428,5
1429,2
1430,5
1431,5
1432,5
1433,2
1434,5
1435,5
1436,5
1437,5
1438,5
1439,2
1440,4
1441,5
1442,2
1443,5
1444,5
1445,5
1446,5
1447,5
1448,5
1449,5
1450,5
1451,2
1452,5
1453,5
1454,3
1455,5
1456,5
1457,5
1458,4
1459,5
1460,5
1461,5
1462,5
1463,5
1464,5
1465,5
1466,5
1467,5
1468,5
1469,5
1470,5
1471,1
1472,4
1473,1
1474,5
1475,4
1476,4
1477,5
1478,1
1479,5
1480,5
1481,4
1482,5
1483,5
1484,4
1485,5
1486,5
1487,5
1488,5
1489,5
1490,5
1491,5
1492,5
1493,5
1494,4
1495,5
1496,5
1497,4
1498,5
1499,5
1500,1
1501,2
1502,1
1503,2
1504,2
1505,1
1506,1
1507,1
1508,1
1509,1
1510,1
1511,3
1512,1
1513,1
1514,2
1515,3
1516,2
1517,1
1518,1
1519,1
1520,1
1521,1
1522,2
1523,1
1524,1
1525,1
1526,1
1527,2
1528,1
1529,3
1530,1
1531,1
1532,1
1533,1
1534,1
1535,1
1536,1
1537,1
1538,1
1539,1
1540,2
1541,3
1542,1
1543,2
1544,1
1545,1
1546,1
1547,5
1548,1
1549,1
1550,1
1551,1
1552,2
1553,3
1554,1
1555,1
1556,1
1557,5
1558,3
1559,1
1560,1
1561,1
1562,2
1563,4
1564,2
1565,2
1566,3
1567,1
1568,1
1569,1
1570,2
1571,1
1572,2
1573,1
1574,1
1575,2
1576,2
1577,1
1578,1
1579,2
1580,1
1581,1
1582,1
1583,1
1584,1
1585,1
1586,1
1587,2
1588,2
1589,1
1590,1
1591,5
1592,1
1593,1
1594,2
1595,1
1596,1
1597,1
1598,1
1599,2
1600,1
1601,1
1602,1
1603,2
1604,1
1605,1
1606,1
1607,1
1608,1
1609,1
1610,3
1611,1
1612,1
1613,2
1614,1
1615,1
1616,2
1617,1
1618,1
1619,1
1620,1
1621,1
1622,1
1623,1
1624,5
1625,2
1626,2
1627,1
1628,1
1629,1
1630,4
1631,2
1632,1
1633,1
1634,1
1635,2
1636,3
1637,1
1638,1
1639,1
1640,1
1641,2
1642,1
1643,2
1644,1
1645,1
1646,3
1647,1
1648,1
1649,1
1650,1
1651,3
1652,1
1653,2
1654,1
1655,3
1656,3
1657,2
1658,5
1659,2
1660,3
1661,5
1662,1
1663,3
1664,1
1665,2
1666,1
1667,4
1668,2
1669,2
1670,1
1671,3
1672,3
1673,2
1674,2
1675,2
1676,2
1677,2
1678,2
1679,2
1680,2
1681,2
1682,2
1683,1
1684,2
1685,2
1686,2
1687,5
1688,1
1689,3
1690,1
1691,2
1692,5
1693,1
1694,2
1695,1
1696,3
1697,4
1698,1
1699,3
1700,2
1701,2
1702,1
1703,2
1704,2
1705,2
1706,4
1707,3
1708,4
1709,4
1710,2
1711,2
1712,3
1713,1
1714,1
1715,2
1716,2
1717,2
1718,2
1719,3
1720,2
1721,3
1722,2
1723,2
1724,3
1725,2
1726,2
1727,3
1728,1
1729,3
1730,1
1731,2
1732,2
1733,3
1734,1
1735,2
1736,1
1737,2
1738,2
1739,1
1740,2
1741,3
1742,3
1743,5
1744,2
1745,5
1746,3
1747,2
1748,2
1749,2
1750,2
1751,3
1752,1
1753,5
1754,1
1755,2
1756,2
1757,1
1758,2
1759,3
1760,2
1761,3
1762,1
1763,1
1764,1
1765,2
1766,3
1767,3
1768,1
1769,2
1770,2
1771,2
1772,2
1773,1
1774,1
1775,2
1776,4
1777,3
1778,1
1779,3
1780,4
1781,2
1782,2
1783,3
1784,3
1785,1
1786,3
1787,2
1788,1
1789,2
1790,1
1791,2
1792,2
1793,2
1794,1
1795,5
1796,2
1797,4
1798,3
1799,5
1800,4
1801,4
1802,4
1803,3
1804,3
1805,1
1806,2
1807,3
1808,3
1809,3
1810,3
1811,2
1812,1
1813,3
1814,1
1815,3
1816,4
1817,3
1818,1
1819,3
1820,2
1821,3
1822,3
1823,3
1824,3
1825,4
1826,2
1827,3
1828,3
1829,2
1830,3
1831,3
1832,4
1833,3
1834,2
1835,1
1836,5
1837,4
1838,4
1839,3
1840,3
1841,4
1842,3
1843,3
1844,3
1845,2
1846,3
1847,3
1848,4
1849,3
1850,2
1851,4
1852,5
1853,5
1854,3
1855,4
1856,5
1857,4
1858,4
1859,3
1860,2
1861,3
1862,3
1863,4
1864,2
1865,3
1866,3
1867,2
1868,5
1869,3
1870,3
1871,3
1872,4
1873,3
1874,3
1875,3
1876,3
1877,4
1878,3
1879,4
1880,5
1881,3
1882,3
1883,2
1884,1
1885,2
1886,3
1887,3
1888,4
1889,4
1890,3
1891,2
1892,4
1893,3
1894,3
1895,3
1896,3
1897,3
1898,2
1899,2
1900,2
1901,3
1902,3
1903,3
1904,4
1905,2
1906,3
1907,4
1908,1
1909,1
1910,3
1911,3
1912,2
1913,4
1914,3
1915,2
1916,3
1917,1
1918,1
1919,1
1920,2
1921,3
1922,4
1923,4
1924,4
1925,3
1926,3
1927,3
1928,2
1929,3
1930,3
1931,3
1932,3
1933,3
1934,3
1935,3
1936,2
1937,3
1938,3
1939,2
1940,2
1941,2
1942,3
1943,2
1944,3
1945,3
1946,3
1947,2
1948,2
1949,2
1950,5
1951,1
1952,5
1953,4
1954,2
1955,4
1956,2
1957,4
1958,4
1959,4
1960,4
1961,4
1962,4
1963,5
1964,4
1965,4
1966,4
1967,4
1968,4
1969,4
1970,5
1971,5
1972,5
1973,2
1974,5
1975,4
1976,4
1977,2
1978,3
1979,3
1980,3
1981,5
1982,4
1983,5
1984,4
1985,4
1986,4
1987,4
1988,5
1989,1
1990,3
1991,4
1992,4
1993,3
1994,5
1995,4
1996,4
1997,4
1998,4
1999,4
2000,4
2001,5
2002,4
2003,3
2004,4
2005,4
2006,4
2007,4
2008,5
2009,4
2010,4
2011,3
2012,3
2013,3
2014,4
2015,5
2016,3
2017,4
2018,4
2019,4
2020,5
2021,4
2022,4
2023,4
2024,4
2025,4
2026,4
2027,4
2028,4
2029,4
2030,4
2031,5
2032,5
2033,4
2034,5
2035,4
2036,3
2037,5
2038,4
2039,5
2040,1
2041,3
2042,5
2043,4
2044,3
2045,4
2046,4
2047,4
2048,5
2049,4
2050,4
2051,4
2052,4
2053,5
2054,5
2055,4
2056,4
2057,3
2058,4
2059,3
2060,4
2061,4
2062,4
2063,1
2064,2
2065,4
2066,3
2067,5
2068,4
2069,4
2070,4
2071,2
2072,5
2073,4
2074,4
2075,4
2076,4
2077,4
2078,1
2079,4
2080,3
2081,4
2082,4
2083,4
2084,4
2085,5
2086,5
2087,4
2088,4
2089,2
2090,4
2091,4
2092,5
2093,4
2094,5
2095,4
2096,5
2097,4
2098,4
2099,4
2100,5
2101,5
2102,4
2103,5
2104,4
2105,5
2106,4
2107,5
2108,4
2109,4
2110,5
2111,5
2112,5
2113,5
2114,5
2115,5
2116,5
2117,2
2118,5
2119,5
2120,5
2121,5
2122,5
2123,5
2124,5
2125,5
2126,5
2127,5
2128,5
2129,5
2130,5
2131,5
2132,5
2133,5
2134,5
2135,5
2136,5
2137,4
2138,5
2139,5
2140,5
2141,5
2142,5
2143,5
2144,5
2145,5
2146,5
2147,5
2148,1
2149,5
2150,5
2151,5
2152,3
2153,5
2154,5
2155,5
2156,5
2157,5
2158,5
2159,5
2160,5
2161,5
2162,5
2163,5
2164,5
2165,3
2166,5
2167,5
2168,5
2169,3
2170,5
2171,5
2172,5
2173,5
2174,5
2175,5
2176,5
2177,5
2178,4
2179,5
2180,4
2181,5
2182,5
2183,3
2184,5
2185,5
2186,5
2187,5
2188,5
2189,5
2190,5
2191,4
2192,5
2193,5
2194,4
2195,5
2196,5
2197,5
2198,5
2199,5
2200,5
2201,5
2202,5
2203,5
2204,5
2205,5
2206,5
2207,5
2208,5
2209,5
2210,5
2211,5
2212,4
2213,5
2214,5
2215,4
2216,5
2217,5
2218,5
2219,4
2220,4
2221,1
2222,4
2223,1
2224,5
2225,5
2226,5
2227,5
2228,5
2229,5
2230,5
2231,5
2232,4
2233,5
2234,4
2235,3
2236,5
2237,5
2238,4
2239,5
2240,5
2241,5
2242,1
2243,5
2244,5
2245,5
2246,5
2247,5
2248,4
2249,5
2250,1
2251,1
2252,1
2253,1
2254,3
2255,1
2256,1
2257,1
2258,1
2259,1
2260,2
2261,3
2262,1
2263,2
2264,2
2265,2
2266,1
2267,2
2268,2
2269,1
2270,1
2271,1
2272,1
2273,1
2274,1
2275,2
2276,1
2277,2
2278,1
2279,2
2280,1
2281,3
2282,1
2283,1
2284,1
2285,1
2286,1
2287,3
2288,5
2289,1
2290,1
2291,1
2292,1
2293,1
2294,1
2295,1
2296,1
2297,1
2298,1
2299,2
2300,1
2301,2
2302,1
2303,2
2304,1
2305,4
2306,2
2307,1
2308,1
2309,2
2310,1
2311,1
2312,2
2313,3
2314,1
2315,3
2316,1
2317,4
2318,1
2319,4
2320,1
2321,1
2322,1
2323,1
2324,2
2325,1
2326,1
2327,1
2328,2
2329,1
2330,1
2331,2
2332,1
2333,1
2334,1
2335,1
2336,1
2337,1
2338,1
2339,4
2340,1
2341,1
2342,1
2343,1
2344,1
2345,1
2346,1
2347,1
2348,1
2349,1
2350,1
2351,3
2352,1
2353,3
2354,1
2355,1
2356,1
2357,1
2358,1
2359,1
2360,1
2361,1
2362,1
2363,3
2364,1
2365,1
2366,1
2367,1
2368,1
2369,4
2370,1
2371,1
2372,1
2373,1
2374,1
2375,1
2376,1
2377,2
2378,1
2379,2
2380,1
2381,1
2382,3
2383,1
2384,1
2385,1
2386,1
2387,2
2388,1
2389,2
2390,1
2391,3
2392,1
2393,2
2394,1
2395,2
2396,1
2397,1
2398,1
2399,1
2400,4
2401,2
2402,2
2403,3
2404,3
2405,3
2406,3
2407,2
2408,2
2409,2
2410,2
2411,1
2412,2
2413,2
2414,3
2415,2
2416,1
2417,3
2418,2
2419,2
2420,1
2421,3
2422,3
2423,2
2424,2
2425,3
2426,3
2427,2
2428,2
2429,2
2430,3
2431,4
2432,3
2433,2
2434,2
2435,1
2436,3
2437,2
2438,2
2439,2
2440,2
2441,3
2442,2
2443,1
2444,2
2445,2
2446,2
2447,2
2448,3
2449,2
2450,1
2451,2
2452,3
2453,4
2454,2
2455,2
2456,2
2457,2
2458,2
2459,1
2460,2
2461,4
2462,2
2463,2
2464,3
2465,2
2466,2
2467,2
2468,1
2469,3
2470,1
2471,2
2472,2
2473,2
2474,2
2475,1
2476,1
2477,1
2478,2
2479,2
2480,1
2481,2
2482,3
2483,2
2484,1
2485,3
2486,1
2487,2
2488,5
2489,2
2490,2
2491,2
2492,2
2493,1
2494,2
2495,3
2496,3
2497,2
2498,3
2499,2
2500,2
2501,4
2502,2
2503,2
2504,2
2505,2
2506,2
2507,3
2508,3
2509,2
2510,1
2511,1
2512,2
2513,2
2514,1
2515,3
2516,3
2517,1
2518,1
2519,2
2520,3
2521,2
2522,2
2523,2
2524,3
2525,1
2526,4
2527,2
2528,3
2529,2
2530,2
2531,1
2532,3
2533,2
2534,2
2535,4
2536,3
2537,2
2538,2
2539,1
2540,2
2541,2
2542,1
2543,2
2544,2
2545,1
2546,3
2547,2
2548,1
2549,2
2550,4
2551,3
2552,4
2553,3
2554,4
2555,3
2556,3
2557,1
2558,2
2559,4
2560,2
2561,3
2562,3
2563,3
2564,3
2565,3
2566,3
2567,3
2568,1
2569,3
2570,3
2571,3
2572,3
2573,4
2574,4
2575,3
2576,3
2577,3
2578,2
2579,3
2580,3
2581,3
2582,3
2583,3
2584,2
2585,3
2586,3
2587,3
2588,3
2589,4
2590,3
2591,3
2592,4
2593,3
2594,3
2595,3
2596,1
2597,3
2598,3
2599,3
2600,3
2601,1
2602,3
2603,3
2604,3
2605,3
2606,4
2607,3
2608,3
2609,3
2610,3
2611,2
2612,1
2613,2
2614,4
2615,3
2616,2
2617,4
2618,3
2619,3
2620,3
2621,3
2622,1
2623,1
2624,3
2625,5
2626,3
2627,4
2628,3
2629,3
2630,2
2631,3
2632,3
2633,2
2634,4
2635,4
2636,3
2637,3
2638,3
2639,3
2640,3
2641,3
2642,3
2643,2
2644,3
2645,3
2646,4
2647,3
2648,4
2649,4
2650,1
2651,2
2652,2
2653,2
2654,1
2655,3
2656,3
2657,3
2658,3
2659,3
2660,3
2661,3
2662,4
2663,4
2664,3
2665,5
2666,2
2667,2
2668,3
2669,2
2670,4
2671,3
2672,5
2673,3
2674,4
2675,3
2676,3
2677,4
2678,3
2679,2
2680,3
2681,2
2682,3
2683,4
2684,2
2685,2
2686,2
2687,1
2688,3
2689,5
2690,2
2691,3
2692,4
2693,3
2694,1
2695,3
2696,4
2697,2
2698,3
2699,3
2700,5
2701,3
2702,1
2703,4
2704,5
2705,4
2706,3
2707,2
2708,4
2709,5
2710,4
2711,3
2712,4
2713,3
2714,4
2715,4
2716,4
2717,4
2718,4
2719,4
2720,2
2721,4
2722,4
2723,2
2724,4
2725,4
2726,4
2727,4
2728,4
2729,4
2730,5
2731,3
2732,2
2733,3
2734,3
2735,4
2736,4
2737,4
2738,4
2739,4
2740,5
2741,5
2742,4
2743,4
2744,3
2745,4
2746,4
2747,4
2748,3
2749,5
2750,4
2751,4
2752,1
2753,4
2754,5
2755,5
2756,4
2757,4
2758,4
2759,5
2760,4
2761,4
2762,4
2763,4
2764,3
2765,5
2766,4
2767,4
2768,4
2769,4
2770,5
2771,4
2772,5
2773,5
2774,4
2775,5
2776,5
2777,5
2778,4
2779,4
2780,4
2781,4
2782,5
2783,4
2784,4
2785,4
2786,4
2787,4
2788,4
2789,2
2790,4
2791,4
2792,4
2793,4
2794,4
2795,4
2796,4
2797,4
2798,4
2799,5
2800,4
2801,4
2802,3
2803,3
2804,5
2805,4
2806,4
2807,4
2808,4
2809,4
2810,4
2811,4
2812,4
2813,4
2814,4
2815,4
2816,5
2817,5
2818,4
2819,2
2820,3
2821,4
2822,4
2823,5
2824,5
2825,4
2826,4
2827,5
2828,4
2829,4
2830,4
2831,5
2832,4
2833,4
2834,2
2835,5
2836,5
2837,4
2838,5
2839,1
2840,5
2841,5
2842,3
2843,4
2844,4
2845,4
2846,5
2847,4
2848,4
2849,2
2850,5
2851,5
2852,5
2853,5
2854,5
2855,5
2856,3
2857,2
2858,5
2859,5
2860,5
2861,5
2862,5
2863,4
2864,5
2865,5
2866,5
2867,4
2868,5
2869,5
2870,3
2871,5
2872,4
2873,5
2874,5
2875,5
2876,5
2877,5
2878,5
2879,5
2880,4
2881,5
2882,5
2883,5
2884,5
2885,4
2886,5
2887,4
2888,4
2889,5
2890,5
2891,5
2892,5
2893,5
2894,5
2895,5
2896,5
2897,4
2898,4
2899,5
2900,5
2901,4
2902,5
2903,5
2904,5
2905,5
2906,5
2907,5
2908,5
2909,5
2910,5
2911,5
2912,5
2913,5
2914,5
2915,5
2916,5
2917,5
2918,5
2919,1
2920,5
2921,5
2922,5
2923,5
2924,4
2925,5
2926,5
2927,5
2928,4
2929,5
2930,5
2931,5
2932,5
2933,5
2934,1
2935,5
2936,5
2937,5
2938,5
2939,3
2940,5
2941,5
2942,5
2943,5
2944,5
2945,5
2946,5
2947,4
2948,5
2949,5
2950,5
2951,3
2952,5
2953,5
2954,5
2955,5
2956,5
2957,5
2958,5
2959,5
2960,4
2961,5
2962,5
2963,5
2964,5
2965,5
2966,2
2967,5
2968,5
2969,5
2970,5
2971,5
2972,5
2973,5
2974,5
2975,5
2976,5
2977,5
2978,5
2979,5
2980,1
2981,5
2982,5
2983,5
2984,5
2985,5
2986,5
2987,5
2988,4
2989,5
2990,5
2991,5
2992,5
2993,5
2994,5
2995,1
2996,5
2997,5
2998,5
2999,5
3000,1
3001,2
3002,1
3003,1
3004,1
3005,2
3006,1
3007,2
3008,1
3009,1
3010,1
3011,1
3012,2
3013,2
3014,3
3015,1
3016,2
3017,1
3018,1
3019,1
3020,1
3021,1
3022,1
3023,1
3024,1
3025,1
3026,1
3027,2
3028,1
3029,1
3030,1
3031,5
3032,1
3033,1
3034,2
3035,1
3036,1
3037,1
3038,4
3039,1
3040,1
3041,3
3042,1
3043,1
3044,1
3045,1
3046,1
3047,1
3048,1
3049,2
3050,1
3051,1
3052,1
3053,2
3054,1
3055,1
3056,1
3057,1
3058,1
3059,3
3060,3
3061,1
3062,1
3063,2
3064,2
3065,1
3066,2
3067,5
3068,1
3069,1
3070,1
3071,1
3072,1
3073,1
3074,3
3075,3
3076,2
3077,1
3078,1
3079,2
3080,1
3081,1
3082,1
3083,2
3084,1
3085,1
3086,1
3087,1
3088,1
3089,3
3090,4
3091,1
3092,1
3093,1
3094,1
3095,2
3096,1
3097,2
3098,1
3099,1
3100,1
3101,1
3102,1
3103,1
3104,2
3105,5
3106,1
3107,1
3108,1
3109,1
3110,1
3111,1
3112,1
3113,1
3114,1
3115,1
3116,1
3117,1
3118,1
3119,4
3120,2
3121,1
3122,2
3123,1
3124,1
3125,2
3126,1
3127,2
3128,1
3129,2
3130,1
3131,1
3132,1
3133,2
3134,1
3135,4
3136,1
3137,3
3138,1
3139,3
3140,1
3141,2
3142,1
3143,2
3144,1
3145,1
3146,1
3147,1
3148,1
3149,5
3150,2
3151,2
3152,5
3153,3
3154,3
3155,3
3156,2
3157,1
3158,1
3159,1
3160,3
3161,5
3162,2
3163,3
3164,2
3165,3
3166,2
3167,2
3168,4
3169,2
3170,2
3171,4
3172,3
3173,3
3174,2
3175,2
3176,2
3177,4
3178,1
3179,3
3180,3
3181,2
3182,1
3183,2
3184,2
3185,3
3186,4
3187,2
3188,2
3189,4
3190,2
3191,1
3192,3
3193,1
3194,3
3195,2
3196,1
3197,1
3198,3
3199,3
3200,2
3201,2
3202,1
3203,1
3204,1
3205,2
3206,1
3207,2
3208,1
3209,1
3210,2
3211,2
3212,2
3213,2
3214,2
3215,2
3216,2
3217,2
3218,1
3219,3
3220,1
3221,3
3222,2
3223,1
3224,3
3225,3
3226,5
3227,2
3228,1
3229,2
3230,3
3231,2
3232,3
3233,2
3234,3
3235,2
3236,3
3237,3
3238,4
3239,2
3240,2
3241,2
3242,5
3243,1
3244,1
3245,1
3246,3
3247,1
3248,2
3249,4
3250,2
3251,1
3252,2
3253,2
3254,1
3255,2
3256,3
3257,4
3258,3
3259,3
3260,2
3261,2
3262,2
3263,2
3264,2
3265,1
3266,1
3267,3
3268,2
3269,1
3270,4
3271,2
3272,1
3273,1
3274,2
3275,2
3276,2
3277,2
3278,2
3279,2
3280,2
3281,3
3282,2
3283,3
3284,1
3285,4
3286,2
3287,2
3288,4
3289,1
3290,2
3291,1
3292,2
3293,2
3294,2
3295,4
3296,2
3297,2
3298,2
3299,2
3300,2
3301,3
3302,4
3303,3
3304,2
3305,2
3306,4
3307,4
3308,4
3309,3
3310,3
3311,3
3312,3
3313,2
3314,3
3315,3
3316,4
3317,3
3318,2
3319,2
3320,3
3321,3
3322,5
3323,3
3324,1
3325,2
3326,2
3327,3
3328,3
3329,2
3330,3
3331,5
3332,5
3333,2
3334,2
3335,3
3336,3
3337,4
3338,3
3339,3
3340,1
3341,2
3342,3
3343,1
3344,3
3345,3
3346,3
3347,1
3348,3
3349,4
3350,2
3351,5
3352,3
3353,3
3354,3
3355,3
3356,3
3357,3
3358,4
3359,2
3360,4
3361,4
3362,2
3363,2
3364,2
3365,3
3366,3
3367,3
3368,3
3369,2
3370,3
3371,3
3372,3
3373,4
3374,4
3375,3
3376,3
3377,3
3378,3
3379,5
3380,3
3381,3
3382,3
3383,3
3384,3
3385,4
3386,3
3387,3
3388,3
3389,1
3390,2
3391,3
3392,4
3393,3
3394,3
3395,1
3396,5
3397,1
3398,3
3399,3
3400,3
3401,3
3402,2
3403,3
3404,3
3405,2
3406,2
3407,5
3408,3
3409,3
3410,2
3411,2
3412,3
3413,3
3414,1
3415,3
3416,4
3417,5
3418,4
3419,3
3420,4
3421,2
3422,3
3423,3
3424,3
3425,3
3426,3
3427,1
3428,1
3429,3
3430,3
3431,4
3432,3
3433,4
3434,4
3435,3
3436,3
3437,4
3438,3
3439,2
3440,3
3441,2
3442,3
3443,3
3444,3
3445,1
3446,2
3447,2
3448,3
3449,3
3450,4
3451,4
3452,4
3453,5
3454,2
3455,4
3456,3
3457,5
3458,4
3459,5
3460,2
3461,5
3462,4
3463,3
3464,4
3465,4
3466,5
3467,4
3468,1
3469,4
3470,4
3471,4
3472,3
3473,5
3474,4
3475,5
3476,5
3477,4
3478,3
3479,4
3480,4
3481,3
3482,4
3483,4
3484,4
3485,4
3486,4
3487,4
3488,3
3489,4
3490,4
3491,3
3492,4
3493,4
3494,4
3495,3
3496,5
3497,4
3498,4
3499,3
3500,4
3501,5
3502,4
3503,4
3504,4
3505,3
3506,4
3507,4
3508,4
3509,4
3510,4
3511,3
3512,4
3513,4
3514,3
3515,4
3516,5
3517,4
3518,5
3519,4
3520,5
3521,3
3522,4
3523,2
3524,4
3525,4
3526,4
3527,4
3528,4
3529,4
3530,4
3531,4
3532,4
3533,5
3534,3
3535,4
3536,5
3537,4
3538,4
3539,4
3540,4
3541,5
3542,4
3543,5
3544,3
3545,4
3546,3
3547,4
3548,4
3549,5
3550,4
3551,4
3552,4
3553,4
3554,4
3555,4
3556,4
3557,4
3558,4
3559,4
3560,4
3561,3
3562,3
3563,4
3564,4
3565,5
3566,4
3567,4
3568,3
3569,1
3570,4
3571,4
3572,4
3573,4
3574,4
3575,5
3576,4
3577,4
3578,5
3579,4
3580,4
3581,4
3582,4
3583,1
3584,3
3585,4
3586,2
3587,2
3588,5
3589,5
3590,5
3591,5
3592,4
3593,4
3594,4
3595,4
3596,4
3597,4
3598,3
3599,4
3600,5
3601,5
3602,5
3603,2
3604,5
3605,5
3606,5
3607,5
3608,5
3609,5
3610,5
3611,5
3612,5
3613,5
3614,5
3615,5
3616,5
3617,5
3618,5
3619,5
3620,5
3621,5
3622,5
3623,5
3624,5
3625,3
3626,5
3627,4
3628,5
3629,5
3630,5
3631,5
3632,5
3633,5
3634,4
3635,5
3636,5
3637,5
3638,5
3639,5
3640,5
3641,2
3642,5
3643,5
3644,3
3645,4
3646,5
3647,5
3648,5
3649,5
3650,4
3651,5
3652,5
3653,5
3654,5
3655,5
3656,5
3657,4
3658,5
3659,5
3660,5
3661,3
3662,5
3663,5
3664,4
3665,5
3666,5
3667,4
3668,5
3669,5
3670,5
3671,1
3672,5
3673,5
3674,4
3675,5
3676,1
3677,4
3678,4
3679,5
3680,5
3681,4
3682,5
3683,5
3684,5
3685,5
3686,5
3687,4
3688,5
3689,5
3690,5
3691,5
3692,5
3693,5
3694,5
3695,3
3696,4
3697,5
3698,4
3699,3
3700,5
3701,5
3702,4
3703,5
3704,5
3705,5
3706,5
3707,5
3708,5
3709,5
3710,5
3711,3
3712,1
3713,3
3714,3
3715,4
3716,5
3717,5
3718,5
3719,5
3720,5
3721,5
3722,3
3723,5
3724,5
3725,5
3726,5
3727,5
3728,5
3729,5
3730,4
3731,5
3732,1
3733,5
3734,5
3735,4
3736,5
3737,5
3738,5
3739,5
3740,2
3741,5
3742,5
3743,1
3744,5
3745,4
3746,3
3747,5
3748,5
3749,4
3750,1
3751,1
3752,2
3753,1
3754,2
3755,1
3756,1
3757,1
3758,2
3759,1
3760,2
3761,2
3762,1
3763,1
3764,1
3765,1
3766,2
3767,3
3768,1
3769,3
3770,1
3771,1
3772,2
3773,1
3774,3
3775,2
3776,1
3777,5
3778,3
3779,1
3780,1
3781,1
3782,1
3783,1
3784,3
3785,3
3786,1
3787,1
3788,2
3789,1
3790,1
3791,2
3792,2
3793,4
3794,1
3795,1
3796,1
3797,1
3798,1
3799,1
3800,1
3801,1
3802,1
3803,1
3804,1
3805,1
3806,1
3807,1
3808,1
3809,1
3810,1
3811,3
3812,1
3813,1
3814,1
3815,2
3816,2
3817,1
3818,2
3819,1
3820,1
3821,1
3822,1
3823,1
3824,1
3825,1
3826,1
3827,1
3828,3
3829,1
3830,1
3831,2
3832,2
3833,1
3834,1
3835,1
3836,1
3837,1
3838,1
3839,1
3840,1
3841,3
3842,1
3843,1
3844,1
3845,1
3846,1
3847,1
3848,3
3849,1
3850,1
3851,1
3852,1
3853,1
3854,1
3855,2
3856,1
3857,1
3858,1
3859,1
3860,1
3861,2
3862,1
3863,1
3864,1
3865,2
3866,2
3867,1
3868,1
3869,3
3870,1
3871,3
3872,3
3873,1
3874,1
3875,1
3876,1
3877,1
3878,2
3879,1
3880,1
3881,1
3882,1
3883,2
3884,4
3885,2
3886,1
3887,1
3888,1
3889,1
3890,1
3891,2
3892,1
3893,2
3894,2
3895,1
3896,1
3897,1
3898,1
3899,1
3900,2
3901,1
3902,4
3903,1
3904,1
3905,3
3906,2
3907,4
3908,2
3909,2
3910,3
3911,1
3912,2
3913,1
3914,1
3915,1
3916,2
3917,4
3918,2
3919,3
3920,1
3921,2
3922,2
3923,2
3924,2
3925,2
3926,2
3927,3
3928,2
3929,4
3930,2
3931,1
3932,1
3933,2
3934,3
3935,5
3936,2
3937,3
3938,1
3939,1
3940,2
3941,2
3942,3
3943,2
3944,2
3945,3
3946,1
3947,2
3948,1
3949,2
3950,3
3951,2
3952,2
3953,2
3954,2
3955,2
3956,2
3957,4
3958,1
3959,2
3960,2
3961,1
3962,2
3963,1
3964,2
3965,2
3966,2
3967,5
3968,2
3969,2
3970,2
3971,1
3972,2
3973,3
3974,3
3975,4
3976,1
3977,2
3978,2
3979,1
3980,2
3981,1
3982,2
3983,1
3984,3
3985,2
3986,2
3987,1
3988,2
3989,2
3990,3
3991,2
3992,2
3993,2
3994,3
3995,2
3996,1
3997,2
3998,1
3999,1
4000,1
4001,2
4002,2
4003,5
4004,1
4005,2
4006,2
4007,2
4008,2
4009,3
4010,2
4011,2
4012,1
4013,3
4014,2
4015,1
4016,2
4017,4
4018,1
4019,3
4020,1
4021,1
4022,3
4023,1
4024,2
4025,3
4026,3
4027,1
4028,1
4029,3
4030,2
4031,2
4032,1
4033,1
4034,3
4035,1
4036,3
4037,3
4038,2
4039,3
4040,2
4041,5
4042,3
4043,2
4044,2
4045,2
4046,2
4047,1
4048,2
4049,3
4050,3
4051,2
4052,3
4053,2
4054,3
4055,5
4056,2
4057,3
4058,3
4059,3
4060,3
4061,4
4062,3
4063,3
4064,3
4065,5
4066,2
4067,3
4068,3
4069,3
4070,3
4071,1
4072,3
4073,3
4074,4
4075,3
4076,4
4077,2
4078,1
4079,3
4080,3
4081,3
4082,3
4083,3
4084,3
4085,1
4086,5
4087,2
4088,3
4089,3
4090,5
4091,4
4092,1
4093,3
4094,3
4095,2
4096,3
4097,4
4098,3
4099,2
4100,1
4101,3
4102,4
4103,1
4104,2
4105,4
4106,2
4107,4
4108,3
4109,3
4110,1
4111,2
4112,2
4113,3
4114,3
4115,3
4116,3
4117,3
4118,3
4119,3
4120,3
4121,3
4122,3
4123,3
4124,4
4125,3
4126,3
4127,4
4128,3
4129,3
4130,5
4131,5
4132,4
4133,3
4134,2
4135,3
4136,3
4137,4
4138,5
4139,3
4140,4
4141,2
4142,3
4143,3
4144,2
4145,4
4146,3
4147,5
4148,4
4149,3
4150,1
4151,5
4152,3
4153,2
4154,3
4155,3
4156,2
4157,2
4158,3
4159,3
4160,4
4161,3
4162,3
4163,4
4164,3
4165,4
4166,3
4167,3
4168,2
4169,4
4170,5
4171,3
4172,1
4173,3
4174,1
4175,3
4176,3
4177,5
4178,3
4179,3
4180,3
4181,3
4182,3
4183,1
4184,3
4185,3
4186,4
4187,3
4188,3
4189,2
4190,2
4191,3
4192,3
4193,3
4194,1
4195,4
4196,4
4197,3
4198,3
4199,4
4200,3
4201,2
4202,4
4203,4
4204,4
4205,3
4206,3
4207,4
4208,5
4209,4
4210,4
4211,4
4212,4
4213,4
4214,4
4215,4
4216,4
4217,4
4218,5
4219,4
4220,4
4221,4
4222,3
4223,4
4224,3
4225,4
4226,5
4227,5
4228,4
4229,4
4230,1
4231,4
4232,3
4233,4
4234,4
4235,4
4236,5
4237,4
4238,4
4239,4
4240,4
4241,5
4242,2
4243,5
4244,3
4245,4
4246,5
4247,3
4248,5
4249,4
4250,5
4251,2
4252,1
4253,5
4254,4
4255,5
4256,5
4257,4
4258,1
4259,4
4260,4
4261,5
4262,3
4263,1
4264,4
4265,4
4266,5
4267,4
4268,3
4269,4
4270,4
4271,4
4272,4
4273,4
4274,4
4275,1
4276,5
4277,5
4278,4
4279,4
4280,4
4281,2
4282,3
4283,4
4284,4
4285,2
4286,4
4287,4
4288,5
4289,3
4290,5
4291,3
4292,2
4293,2
4294,1
4295,3
4296,3
4297,3
4298,4
4299,4
4300,4
4301,3
4302,2
4303,5
4304,5
4305,2
4306,3
4307,4
4308,4
4309,4
4310,4
4311,1
4312,4
4313,4
4314,4
4315,5
4316,4
4317,5
4318,2
4319,5
4320,4
4321,5
4322,4
4323,4
4324,3
4325,4
4326,4
4327,4
4328,4
4329,5
4330,4
4331,4
4332,4
4333,4
4334,5
4335,5
4336,4
4337,5
4338,5
4339,5
4340,5
4341,3
4342,4
4343,4
4344,4
4345,5
4346,4
4347,5
4348,5
4349,4
4350,5
4351,5
4352,5
4353,5
4354,5
4355,5
4356,5
4357,5
4358,5
4359,5
4360,2
4361,1
4362,5
4363,4
4364,3
4365,5
4366,5
4367,5
4368,5
4369,5
4370,5
4371,5
4372,5
4373,4
4374,5
4375,5
4376,5
4377,5
4378,5
4379,5
4380,4
4381,5
4382,5
4383,5
4384,5
4385,5
4386,5
4387,5
4388,5
4389,1
4390,5
4391,5
4392,5
4393,5
4394,4
4395,5
4396,3
4397,5
4398,5
4399,5
4400,4
4401,5
4402,5
4403,5
4404,5
4405,5
4406,5
4407,5
4408,5
4409,5
4410,5
4411,4
4412,5
4413,5
4414,5
4415,5
4416,5
4417,5
4418,5
4419,5
4420,1
4421,5
4422,4
4423,5
4424,5
4425,5
4426,5
4427,5
4428,5
4429,5
4430,5
4431,5
4432,4
4433,5
4434,5
4435,5
4436,4
4437,5
4438,5
4439,4
4440,5
4441,5
4442,4
4443,5
4444,5
4445,5
4446,5
4447,5
4448,5
4449,5
4450,5
4451,4
4452,5
4453,5
4454,5
4455,5
4456,5
4457,5
4458,4
4459,5
4460,5
4461,5
4462,5
4463,5
4464,5
4465,4
4466,5
4467,5
4468,5
4469,5
4470,4
4471,5
4472,5
4473,5
4474,5
4475,5
4476,4
4477,5
4478,4
4479,5
4480,5
4481,5
4482,5
4483,3
4484,5
4485,4
4486,5
4487,5
4488,5
4489,2
4490,4
4491,5
4492,5
4493,3
4494,5
4495,5
4496,5
4497,5
4498,5
4499,4
